phenotype,t_stat,p_value
Phenotype_A,211.3452260229456,0.0
Phenotype_B,19.438958648274838,4.459358586225444e-84
Phenotype_C,211.3452260229456,0.0
Phenotype_D,211.3452260229456,0.0
Phenotype_E,-771.5146580154584,0.0
