row,padj
ENSG00000121060,2.680690e-290
ENSG00000152192,5.676199e-243
ENSG00000271547,7.143041e-236
ENSG00000171885,3.854331e-234
ENSG00000221874,1.830918e-232
ENSG00000124702,6.355584e-192
